20:22.3,68,118
20:22.3,69,118
20:22.3,70,118
20:22.3,71,118
20:22.3,72,118
20:22.3,73,118
20:22.3,74,118
20:22.3,75,118
20:22.3,76,118
20:22.3,77,118
20:22.3,78,118
20:22.3,79,118
20:22.3,80,118
20:22.3,81,118
20:22.3,82,118
20:22.3,83,118
20:22.3,84,118
20:22.3,85,118
20:22.3,86,118
20:22.3,87,118
20:22.3,88,118
20:22.3,89,118
20:22.3,90,118
20:22.3,91,118
20:22.3,92,118
20:22.3,93,118
20:22.3,94,118
20:22.3,95,118
20:22.3,96,118
20:22.3,97,118
20:22.3,98,118
20:22.3,99,118
20:22.3,100,118
20:22.3,101,118
20:22.3,102,118
20:22.3,103,118
20:22.3,104,118
20:22.3,105,118
20:22.3,106,118
20:22.3,107,118
20:22.3,108,118
20:22.3,109,118
20:22.3,110,118
20:22.3,111,118
20:22.3,112,118
20:22.3,113,118
20:22.3,114,118
20:22.3,115,118
20:22.3,116,118
20:22.3,117,118
20:22.3,118,118
20:22.3,119,118
20:22.3,120,118
20:22.3,121,118
20:22.3,122,118
20:22.3,123,118
20:22.3,124,118
20:22.3,125,118
20:22.3,126,118
20:22.3,127,118
20:22.3,128,118
20:22.3,129,118
20:22.3,130,118
20:22.3,131,118
20:22.3,132,118
20:22.3,133,118
20:22.3,134,118
20:22.3,135,118
20:22.3,136,118
20:22.3,137,118
20:22.3,138,118
20:22.3,139,118
20:22.3,140,118
20:22.3,141,118
20:22.3,142,118
20:22.3,143,118
20:22.3,144,118
20:22.3,145,118
20:22.3,146,118
20:22.3,147,118
20:22.3,148,118
20:22.3,149,118
20:22.3,150,118
20:22.3,151,118
20:22.3,152,118
20:22.3,153,118
20:22.3,154,118
20:22.3,155,118
20:22.3,156,118
20:22.3,157,118
20:22.3,158,118
20:22.3,159,118
20:22.3,160,118
20:22.3,161,118
20:22.3,162,118
20:22.3,163,118
20:22.3,164,118
20:22.3,165,118
20:22.3,166,118
20:22.3,167,118
20:22.3,168,118
20:22.3,169,118
20:22.3,170,118
20:22.3,171,118
20:22.3,172,118
20:22.3,173,118
20:22.3,174,118
20:22.3,175,118
20:22.3,176,118
20:22.3,177,118
20:22.3,178,118
20:22.3,179,118
20:22.3,180,118
20:22.3,181,118
20:22.3,182,118
20:22.3,183,118
20:22.3,184,118
20:22.3,185,118
20:22.3,186,118
20:22.3,187,118
20:22.3,188,118
20:22.3,189,118
20:22.3,190,118
20:22.3,191,118
20:22.3,192,118
20:22.3,193,118
20:22.3,194,118
20:22.3,195,118
20:22.3,196,118
20:22.3,197,118
20:22.3,198,118
20:22.3,199,118
20:22.3,200,118
20:22.3,201,118
20:22.3,202,118
20:22.3,203,118
20:22.3,204,118
20:22.3,205,118
20:22.3,206,118
20:22.3,207,118
20:22.3,208,118
20:22.3,209,118
20:22.3,210,118
20:22.3,211,118
20:22.3,212,118
20:22.3,213,118
20:22.3,214,118
20:22.3,215,118
20:22.3,216,118
20:22.3,217,118
20:22.3,218,118
20:22.3,219,118
20:22.3,220,118
20:22.3,221,118
20:22.3,222,118
20:22.3,223,118
20:22.3,224,118
20:22.3,225,118
20:22.3,226,118
20:22.3,227,118
20:22.3,228,118
20:22.3,229,118
20:22.3,230,118
20:22.3,231,118
20:22.3,232,118
20:22.3,233,118
20:22.3,234,118
20:22.3,235,118
20:22.3,236,118
20:22.3,237,118
20:22.3,238,118
20:22.3,239,118
20:22.3,240,118
20:22.3,241,118
20:22.3,242,118
20:22.3,243,118
20:22.3,244,118
20:22.3,245,118
20:22.3,246,118
20:22.3,247,118
20:22.3,248,118
20:22.3,249,118
20:22.3,250,118
20:22.3,251,118
20:22.3,252,118
20:22.3,253,118
20:22.3,254,118
20:22.3,255,118
20:22.3,256,118
20:22.3,257,118
20:22.3,258,118
20:22.3,259,118
20:22.3,260,118
20:22.3,261,118
20:22.3,262,118
20:22.3,263,118
20:22.3,264,118
20:22.3,265,118
20:22.3,266,118
20:22.3,267,118
20:22.3,268,118
20:22.3,269,118
20:22.3,270,118
20:22.3,271,118
20:22.3,272,118
20:22.3,273,118
20:22.3,274,118
20:22.3,275,118
20:22.3,276,118
20:22.3,277,118
20:22.3,278,118
20:22.3,279,118
20:22.3,280,118
20:22.3,281,118
20:22.3,282,118
20:22.3,283,118
20:22.3,284,118
20:22.3,285,118
20:22.3,286,118
20:22.3,287,118
20:22.3,288,118
20:22.3,289,118
20:22.3,290,118
20:22.3,291,118
20:22.3,292,118
20:22.3,293,118
20:22.3,294,118
20:22.3,295,118
20:22.3,296,118
20:22.3,297,118
20:22.3,298,118
20:22.3,299,118
20:22.3,300,118
20:22.3,301,118
20:22.3,302,118
20:22.3,303,118
20:22.3,304,118
20:22.3,305,118
20:22.3,306,118
20:22.3,307,118
20:22.3,308,118
20:22.3,309,118
20:22.3,310,118
20:22.3,311,118
20:22.3,312,118
20:22.3,313,118
20:22.3,314,118
20:22.3,315,118
20:22.3,316,118
20:22.3,317,118
20:22.3,318,118
20:22.3,319,118
20:22.3,320,118
20:22.3,321,118
20:22.3,322,118
20:22.3,323,118
20:22.3,324,118
20:22.3,325,118
20:22.3,326,118
20:22.3,327,118
20:22.3,328,118
20:22.3,329,118
20:22.3,330,118
20:22.3,331,118
20:22.3,332,118
20:22.3,333,118
20:22.3,334,118
20:22.3,335,118
20:22.3,336,118
20:22.3,337,118
20:22.3,338,118
20:22.3,339,118
20:22.3,340,118
20:22.3,341,118
20:22.3,342,118
20:22.3,343,118
20:22.3,344,118
20:22.3,345,118
20:22.3,346,118
20:22.3,347,118
20:22.3,348,118
20:22.3,349,118
20:22.3,350,118
20:22.3,351,118
20:22.3,352,118
20:22.3,353,118
20:22.3,354,118
20:22.3,355,118
20:22.3,356,118
20:22.3,357,118
20:22.3,358,118
20:22.3,359,118
20:22.3,360,118
20:22.3,361,118
20:22.3,362,118
20:22.3,363,118
20:22.3,364,118
20:22.3,365,118
20:22.3,366,118
20:22.3,367,118
20:22.3,368,118
20:22.3,369,118
20:22.3,370,118
20:22.3,371,118
20:22.3,372,118
20:22.3,373,118
20:22.3,374,118
20:22.3,375,118
20:22.3,376,118
20:22.3,377,118
20:22.3,378,118
20:22.3,379,118
20:22.3,380,118
20:22.3,381,118
20:22.3,382,118
20:22.3,383,118
20:22.3,384,118
20:22.3,385,118
20:22.3,386,118
20:22.3,387,118
20:22.3,388,118
20:22.3,389,118
20:22.3,390,118
20:22.3,391,118
20:22.3,392,118
20:22.3,393,118
20:22.3,394,118
20:22.3,395,118
20:22.3,396,118
20:22.3,397,118
20:22.3,398,118
20:22.3,399,118
20:22.3,400,118
20:22.3,401,118
20:22.3,402,118
20:22.3,403,118
20:22.3,404,118
20:22.3,405,118
20:22.3,406,118
20:22.3,407,118
20:22.3,408,118
20:22.3,409,118
20:22.3,410,118
20:22.3,411,118
20:22.3,412,118
20:22.3,413,118
20:22.3,414,118
20:22.3,415,118
20:22.3,416,118
20:22.3,417,118
20:22.3,418,118
20:22.3,419,118
20:22.3,420,118
20:22.3,421,118
20:22.3,422,118
20:22.3,423,118
20:22.3,424,118
20:22.3,425,118
20:22.3,426,118
20:22.3,427,118
20:22.3,428,118
20:22.3,429,118
20:22.3,430,118
20:22.3,431,118
20:22.3,432,118
20:22.3,433,118
20:22.3,434,118
20:22.3,435,118
20:22.3,436,118
20:22.3,437,118
20:22.3,438,118
20:22.3,439,118
20:22.3,440,118
20:22.3,441,118
20:22.3,442,118
20:22.3,443,118
20:22.3,444,118
20:22.3,445,118
20:22.3,446,118
20:22.3,447,118
20:22.3,448,118
20:22.3,449,118
20:22.3,450,118
20:22.3,451,118
20:22.3,452,118
20:22.3,453,118
20:22.3,454,118
20:22.3,455,118
20:22.3,456,118
20:22.3,457,118
20:22.3,458,118
20:22.3,459,118
20:22.3,460,118
20:22.3,461,118
20:22.3,462,118
20:22.3,463,118
20:22.3,464,118
20:22.3,465,118
20:22.3,466,118
20:22.3,467,118
20:22.3,468,118
20:22.3,469,118
20:22.3,470,118
20:22.3,471,118
20:22.3,472,118
20:22.3,473,118
20:22.3,474,118
20:22.3,475,118
20:22.3,476,118
20:22.3,477,118
20:22.3,478,118
20:22.3,479,118
20:22.3,480,118
20:22.3,481,118
20:22.3,482,118
20:22.3,483,118
20:22.3,484,118
20:22.3,485,118
20:22.3,486,118
20:22.3,487,118
20:22.3,488,118
20:22.3,489,118
20:22.3,490,118
20:22.3,491,118
20:22.3,492,118
20:22.3,493,118
20:22.3,494,118
20:22.3,495,118
20:22.3,496,118
20:22.3,497,118
20:22.3,498,118
20:22.3,499,118
20:22.3,500,118
20:22.3,501,118
20:22.3,502,118
20:22.3,503,118
20:22.3,504,118
20:22.3,505,118
20:22.3,506,118
20:22.3,507,118
20:22.3,508,118
20:22.3,509,118
20:22.3,510,118
20:22.3,511,118
20:22.3,512,118
20:22.3,513,118
20:22.3,514,118
20:22.3,515,118
20:22.3,516,118
20:22.3,517,118
20:22.3,518,118
20:22.3,519,118
20:22.3,520,118
20:22.3,521,118
20:22.3,522,118
20:22.3,523,118
20:22.3,524,118
20:22.3,525,118
20:22.3,526,118
20:22.3,527,118
20:22.3,528,118
20:22.3,529,118
20:22.3,530,118
20:22.3,531,118
20:22.3,532,118
20:22.3,533,118
20:22.3,534,118
20:22.3,535,118
20:22.3,536,118
20:22.3,537,118
20:22.3,538,118
20:22.3,539,118
20:22.3,540,118
20:22.3,541,118
20:22.3,542,118
20:22.3,543,118
20:22.3,544,118
20:22.3,545,118
20:22.3,546,118
20:22.3,547,118
20:22.3,548,118
20:22.3,549,118
20:22.3,550,118
20:22.3,551,118
20:22.3,552,118
20:22.3,553,118
20:22.3,554,118
20:22.3,555,118
20:22.3,556,118
20:22.3,557,118
20:22.3,558,118
20:22.3,559,118
20:22.3,560,118
20:22.3,561,118
20:22.3,562,118
20:22.3,563,118
20:22.3,564,118
20:22.3,565,118
20:22.3,566,118
20:22.3,567,118
20:22.3,568,118
20:22.3,569,118
20:22.3,570,118
20:22.3,571,118
20:22.3,572,118
20:22.3,573,118
20:22.3,574,118
20:22.3,575,118
20:22.3,576,118
20:22.3,577,118
20:22.3,578,118
20:22.3,579,118
20:22.3,580,118
20:22.3,581,118
20:22.3,582,118
20:22.3,583,118
20:22.3,584,118
20:22.3,585,118
20:22.3,586,118
20:22.3,587,118
20:22.3,588,118
20:22.3,589,118
20:22.3,590,118
20:22.3,591,118
20:22.3,592,118
20:22.3,593,118
20:22.3,594,118
20:22.3,595,118
20:22.3,596,118
20:22.3,597,118
20:22.3,598,118
20:22.3,599,118
20:22.3,600,118
20:22.3,601,118
20:22.3,602,118
20:22.3,603,118
20:22.3,604,118
20:22.3,605,118
20:22.3,606,118
20:22.3,607,118
20:22.3,608,118
20:22.3,609,118
20:22.3,610,118
20:22.3,611,118
20:22.3,612,118
20:22.3,613,118
20:22.3,614,118
20:22.3,615,118
20:22.3,616,118
20:22.3,617,118
20:22.3,618,118
20:22.3,619,118
20:22.3,620,118
20:22.3,621,118
20:22.3,622,118
20:22.3,623,118
20:22.3,624,118
20:22.3,625,118
20:22.3,626,118
20:22.3,627,118
20:22.3,628,118
20:22.3,629,118
20:22.3,630,118
20:22.3,631,118
20:22.3,632,118
20:22.3,633,118
20:22.3,634,118
20:22.3,635,118
20:22.3,636,118
20:22.3,637,118
20:22.3,638,118
20:22.3,639,118
20:22.3,640,118
20:22.3,641,118
20:22.3,642,118
20:22.3,643,118
20:22.3,644,118
20:22.3,645,118
20:22.3,646,118
20:22.3,647,118
20:22.3,648,118
20:22.3,649,118
20:22.3,650,118
20:22.3,651,118
20:22.3,652,118
20:22.3,653,118
20:22.3,654,118
20:22.3,655,118
20:22.3,656,118
20:22.3,657,118
20:22.3,658,118
20:22.3,659,118
20:22.3,660,118
20:22.3,661,118
20:22.3,662,118
20:22.3,663,118
20:22.3,664,118
20:22.3,665,118
20:22.3,666,118
20:22.3,667,118
20:22.3,668,118
20:22.3,669,118
20:22.3,670,118
20:22.3,671,118
20:22.3,672,118
20:22.3,673,118
20:22.3,674,118
20:22.3,675,118
20:22.3,676,118
20:22.3,677,118
20:22.3,678,118
20:22.3,679,118
20:22.3,680,118
20:22.3,681,118
20:22.3,682,118
20:22.3,683,118
20:22.3,684,118
20:22.3,685,118
20:22.3,686,118
20:22.3,687,118
20:22.3,688,118
20:22.3,689,118
20:22.3,690,118
20:22.3,691,118
20:22.3,692,118
20:22.3,693,118
20:22.3,694,118
20:22.3,695,118
20:22.3,696,118
20:22.3,697,118
20:22.3,698,118
20:22.3,699,118
20:22.3,700,118
20:22.3,701,118
20:22.3,702,118
20:22.3,703,118
20:22.3,704,118
20:22.3,705,118
20:22.3,706,118
20:22.3,707,118
20:22.3,708,118
20:22.3,709,118
20:22.3,710,118
20:22.3,711,118
20:22.3,712,118
20:22.3,713,118
20:22.3,714,118
20:22.3,715,118
20:22.3,716,118
20:22.3,717,118
20:22.3,718,118
20:22.3,719,118
20:22.3,720,118
20:22.3,721,118
20:22.3,722,118
20:22.3,723,118
20:22.3,724,118
20:22.3,725,118
20:22.3,726,118
20:22.3,727,118
20:22.3,728,118
20:22.3,729,118
20:22.3,730,118
20:22.3,731,118
20:22.3,732,118
20:22.3,733,118
20:22.3,734,118
20:22.3,735,118
20:22.3,736,118
20:22.3,737,118
20:22.3,738,118
20:22.3,739,118
20:22.3,740,118
20:22.3,741,118
20:22.3,742,118
20:22.3,743,118
20:22.3,744,118
20:22.3,745,118
20:22.3,746,118
20:22.3,747,118
20:22.3,748,118
20:22.3,749,118
20:22.3,750,118
20:22.3,751,118
20:22.3,752,118
20:22.3,753,118
20:22.3,754,118
20:22.3,755,118
20:22.3,756,118
20:22.3,757,118
20:22.3,758,118
20:22.3,759,118
20:22.3,760,118
20:22.3,761,118
20:22.3,762,118
20:22.3,763,118
20:22.3,764,118
20:22.3,765,118
20:22.3,766,118
20:22.3,767,118
20:22.3,768,118
20:22.3,769,118
20:22.3,770,118
20:22.3,771,118
20:22.3,772,118
20:22.3,773,118
20:22.3,774,118
20:22.3,775,118
20:22.3,776,118
20:22.3,777,118
20:22.3,778,118
20:22.3,779,118
20:22.3,780,118
20:22.3,781,118
20:22.3,782,118
20:22.3,783,118
20:22.3,784,118
20:22.3,785,118
20:22.3,786,118
20:22.3,787,118
20:22.3,788,118
20:22.3,789,118
20:22.3,790,118
20:22.3,791,118
20:22.3,792,118
20:22.3,793,118
20:22.3,794,118
20:22.3,795,118
20:22.3,796,118
20:22.3,797,118
20:22.3,798,118
20:22.3,799,118
20:22.3,800,118
20:22.3,801,118
20:22.3,802,118
20:22.3,803,118
20:22.3,804,118
20:22.3,805,118
20:22.3,806,118
20:22.3,807,118
20:22.3,808,118
20:22.3,809,118
20:22.3,810,118
20:22.3,811,118
20:22.3,812,118
20:22.3,813,118
20:22.3,814,118
20:22.3,815,118
20:22.3,816,118
20:22.3,817,118
20:22.3,818,118
20:22.3,819,118
20:22.3,820,118
20:22.3,821,118
20:22.3,822,118
20:22.3,823,118
20:22.3,824,118
20:22.3,825,118
20:22.3,826,118
20:22.3,827,118
20:22.3,828,118
20:22.3,829,118
20:22.3,830,118
20:22.3,831,118
20:22.3,832,118
20:22.3,833,118
20:22.3,834,118
20:22.3,835,118
20:22.3,836,118
20:22.3,837,118
20:22.3,838,118
20:22.3,839,118
20:22.3,840,118
20:22.3,841,118
20:22.3,842,118
20:22.3,843,118
20:22.3,844,118
20:22.3,845,118
20:22.3,846,118
20:22.3,847,118
20:22.3,848,118
20:22.3,849,118
20:22.3,850,118
20:22.3,851,118
20:22.3,852,118
20:22.3,853,118
20:22.3,854,118
20:22.3,855,118
20:22.3,856,118
20:22.3,857,118
20:22.3,858,118
20:22.3,859,118
20:22.3,860,118
20:22.3,861,118
20:22.3,862,118
20:22.3,863,118
20:22.3,864,118
20:22.3,865,118
20:22.3,866,118
20:22.3,867,118
20:22.3,868,118
20:22.3,869,118
20:22.3,870,118
20:22.3,871,118
20:22.3,872,118
20:22.3,873,118
20:22.3,874,118
20:22.3,875,118
20:22.3,876,118
20:22.3,877,118
20:22.3,878,118
20:22.3,879,118
20:22.3,880,118
20:22.3,881,118
20:22.3,882,118
20:22.3,883,118
20:22.3,884,118
20:22.3,885,118
20:22.3,886,118
20:22.3,887,118
20:22.3,888,118
20:22.3,889,118
20:22.3,890,118
20:22.3,891,118
20:22.3,892,118
20:22.3,893,118
20:22.3,894,118
20:22.3,895,118
20:22.3,896,118
20:22.3,897,118
20:22.3,898,118
20:22.3,899,118
20:22.3,900,118
20:22.3,901,118
20:22.3,902,118
20:22.3,903,118
20:22.3,904,118
20:22.3,905,118
20:22.3,906,118
20:22.3,907,118
20:22.3,908,118
20:22.3,909,118
20:22.3,910,118
20:22.3,911,118
20:22.3,912,118
20:22.3,913,118
20:22.3,914,118
20:22.3,915,118
20:22.3,916,118
20:22.3,917,118
20:22.3,918,118
20:22.3,919,118
20:22.3,920,118
20:22.3,921,118
20:22.3,922,118
20:22.3,923,118
20:22.3,924,118
20:22.3,925,118
20:22.3,926,118
20:22.3,927,118
20:22.3,928,118
20:22.3,929,118
20:22.3,930,118
20:22.3,931,118
20:22.3,932,118
20:22.3,933,118
20:22.3,934,118
20:22.3,935,118
20:22.3,936,118
20:22.3,937,118
20:22.3,938,118
20:22.3,939,118
20:22.3,940,118
20:22.3,941,118
20:22.3,942,118
20:22.3,943,118
20:22.3,944,118
20:22.3,945,118
20:22.3,946,118
20:22.3,947,118
20:22.3,948,118
20:22.3,949,118
20:22.3,950,118
20:22.3,951,118
20:22.3,952,118
20:22.3,953,118
20:22.3,954,118
20:22.3,955,118
20:22.3,956,118
20:22.3,957,118
20:22.3,958,118
20:22.3,959,118
20:22.3,960,118
20:22.3,961,118
20:22.3,962,118
20:22.3,963,118
20:22.3,964,118
20:22.3,965,118
20:22.3,966,118
20:22.3,967,118
20:22.3,968,118
20:22.3,969,118
20:22.3,970,118
20:22.3,971,118
20:22.3,972,118
20:22.3,973,118
20:22.3,974,118
20:22.3,975,118
20:22.3,976,118
20:22.3,977,118
20:22.3,978,118
20:22.3,979,118
20:22.3,980,118
20:22.3,981,118
20:22.3,982,118
20:22.3,983,118
20:22.3,984,118
20:22.3,985,118
20:22.3,986,118
20:22.3,987,118
20:22.3,988,118
20:22.3,989,118
20:22.3,990,118
20:22.3,991,118
20:22.3,992,118
20:22.3,993,118
20:22.3,994,118
20:22.3,995,118
20:22.3,996,118
20:22.3,997,118
20:22.3,998,118
20:22.3,999,118
20:22.3,1000,118
20:22.3,1001,118
20:22.3,1002,118
20:22.3,1003,118
20:22.3,1004,118
20:22.3,1005,118
20:22.3,1006,118
20:22.3,1007,118
20:22.3,1008,118
20:22.3,1009,118
20:22.3,1010,118
20:22.3,1011,118
20:22.3,1012,118
20:22.3,1013,118
20:22.3,1014,118
20:22.3,1015,118
20:22.3,1016,118
20:22.3,1017,118
20:22.3,1018,118
20:22.3,1019,118
20:22.3,1020,118
20:22.3,1021,118
20:22.3,1022,118
20:22.3,1023,118
20:22.3,1024,118
20:22.3,1025,118
20:22.3,1026,118
20:22.3,1027,118
20:22.3,1028,118
20:22.3,1029,118
20:22.3,1030,118
20:22.3,1031,118
20:22.3,1032,118
20:22.3,1033,118
20:22.3,1034,118
20:22.3,1035,118
20:22.3,1036,118
20:22.3,1037,118
20:22.3,1038,118
20:22.3,1039,118
20:22.3,1040,118
20:22.3,1041,118
20:22.3,1042,118
20:22.3,1043,118
20:22.3,1044,118
20:22.3,1045,118
20:22.3,1046,118
20:22.3,1047,118
20:22.3,1048,118
20:22.3,1049,118
20:22.3,1050,118
20:22.3,1051,118
20:22.3,1052,118
20:22.3,1053,118
20:22.3,1054,118
20:22.3,1055,118
20:22.3,1056,118
20:22.3,1057,118
20:22.3,1058,118
20:22.3,1059,118
20:22.3,1060,118
20:22.3,1061,118
20:22.3,1062,118
20:22.3,1063,118
20:22.3,1064,118
20:22.3,1065,118
20:22.3,1066,118
20:22.3,1067,118
20:22.3,1068,118
20:22.3,1069,118
20:22.3,1070,118
20:22.3,1071,118
20:22.3,1072,118
20:22.3,1073,118
20:22.3,1074,118
20:22.3,1075,118
20:22.3,1076,118
20:22.3,1077,118
20:22.3,1078,118
20:22.3,1079,118
20:22.3,1080,118
20:22.3,1081,118
20:22.3,1082,118
20:22.3,1083,118
20:22.3,1084,118
20:22.3,1085,118
20:22.3,1086,118
20:22.3,1087,118
20:22.3,1088,118
20:22.3,1089,118
20:22.3,1090,118
20:22.3,1091,118
20:22.3,1092,118
20:22.3,1093,118
20:22.3,1094,118
20:22.3,1095,118
20:22.3,1096,118
20:22.3,1097,118
20:22.3,1098,118
20:22.3,1099,118
20:22.3,1100,118
20:22.3,1101,118
20:22.3,1102,118
20:22.3,1103,118
20:22.3,1104,118
20:22.3,1105,118
20:22.3,1106,118
20:22.3,1107,118
20:22.3,1108,118
20:22.3,1109,118
20:22.3,1110,118
20:22.3,1111,118
20:22.3,1112,118
20:22.3,1113,118
20:22.3,1114,118
20:22.3,1115,118
20:22.3,1116,118
20:22.3,1117,118
20:22.3,1118,118
20:22.3,1119,118
20:22.3,1120,118
20:22.3,1121,118
20:22.3,1122,118
20:22.3,1123,118
20:22.3,1124,118
20:22.3,1125,118
20:22.3,1126,118
20:22.3,1127,118
20:22.3,1128,118
20:22.3,1129,118
20:22.3,1130,118
20:22.3,1131,118
20:22.3,1132,118
20:22.3,1133,118
20:22.3,1134,118
20:22.3,1135,118
20:22.3,1136,118
20:22.3,1137,118
20:22.3,1138,118
20:22.3,1139,118
20:22.3,1140,118
20:22.3,1141,118
20:22.3,1142,118
20:22.3,1143,118
20:22.3,1144,118
20:22.3,1145,118
20:22.3,1146,118
20:22.3,1147,118
20:22.3,1148,118
20:22.3,1149,118
20:22.3,1150,118
20:22.3,1151,118
20:22.3,1152,118
20:22.3,1153,118
20:22.3,1154,118
20:22.3,1155,118
20:22.3,1156,118
20:22.3,1157,118
20:22.3,1158,118
20:22.3,1159,118
20:22.3,1160,118
20:22.3,1161,118
20:22.3,1162,118
20:22.3,1163,118
20:22.3,1164,118
20:22.3,1165,118
20:22.3,1166,118
20:22.3,1167,118
20:22.3,1168,118
20:22.3,1169,118
20:22.3,1170,118
20:22.3,1171,118
20:22.3,1172,118
20:22.3,1173,118
20:22.3,1174,118
20:22.3,1175,118
20:22.3,1176,118
20:22.3,1177,118
20:22.3,1178,118
20:22.3,1179,118
20:22.3,1180,118
20:22.3,1181,118
20:22.3,1182,118
20:22.3,1183,118
20:22.3,1184,118
20:22.3,1185,118
20:22.3,1186,118
20:22.3,1187,118
20:22.3,1188,118
20:22.3,1189,118
20:22.3,1190,118
20:22.3,1191,118
20:22.3,1192,118
20:22.3,1193,118
20:22.3,1194,118
20:22.3,1195,118
20:22.3,1196,118
20:22.3,1197,118
20:22.3,1198,118
20:22.3,1199,118
20:22.3,1200,118
20:22.3,1201,118
20:22.3,1202,118
20:22.3,1203,118
20:22.3,1204,118
20:22.3,1205,118
20:22.3,1206,118
20:22.3,1207,118
20:22.3,1208,118
20:22.3,1209,118
20:22.3,1210,118
20:22.3,1211,118
20:22.3,1212,118
20:22.3,1213,118
20:22.3,1214,118
20:22.3,1215,118
20:22.3,1216,118
20:22.3,1217,118
20:22.3,1218,118
20:22.3,1219,118
20:22.3,1220,118
20:22.3,1221,118
20:22.3,1222,118
20:22.3,1223,118
20:22.3,1224,118
20:22.3,1225,118
20:22.3,1226,118
20:22.3,1227,118
20:22.3,1228,118
20:22.3,1229,118
20:22.3,1230,118
20:22.3,1231,118
20:22.3,1232,118
20:22.3,1233,118
20:22.3,1234,118
20:22.3,1235,118
20:22.3,1236,118
20:22.3,1237,118
20:22.3,1238,118
20:22.3,1239,118
20:22.3,1240,118
20:22.3,1241,118
20:22.3,1242,118
20:22.3,1243,118
20:22.3,1244,118
20:22.3,1245,118
20:22.3,1246,118
20:22.3,1247,118
20:22.3,1248,118
20:22.3,1249,118
20:22.3,1250,118
20:22.3,1251,118
20:22.3,1252,118
20:22.3,1253,118
20:22.3,1254,118
20:22.3,1255,118
20:22.3,1256,118
20:22.3,1257,118
20:22.3,1258,118
20:22.3,1259,118
20:22.3,1260,118
20:22.3,1261,118
20:22.3,1262,118
20:22.3,1263,118
20:22.3,1264,118
20:22.3,1265,118
20:22.3,1266,118
20:22.3,1267,118
20:22.3,1268,118
20:22.3,1269,118
20:22.3,1270,118
20:22.3,1271,118
20:22.3,1272,118
20:22.3,1273,118
20:22.3,1274,118
20:22.3,1275,118
20:22.3,1276,118
20:22.3,1277,118
20:22.3,1278,118
20:22.3,1279,118
20:22.3,1280,118
20:22.3,1281,118
20:22.3,1282,118
20:22.3,1283,118
20:22.3,1284,118
20:22.3,1285,118
20:22.3,1286,118
20:22.3,1287,118
20:22.3,1288,118
20:22.3,1289,118
20:22.3,1290,118