20:16.1,68,43
20:18.4,69,43
20:19.9,70,43
20:19.9,71,43
20:19.9,72,43
20:19.9,73,43
20:19.9,74,43
20:20.0,75,43
20:16.1,76,43
20:18.4,77,43
20:19.9,78,43
20:19.9,79,43
20:19.9,80,43
20:19.9,81,43
20:19.9,82,43
20:20.0,83,43
20:16.1,84,43
20:18.4,85,43
20:19.9,86,43
20:19.9,87,43
20:19.9,88,43
20:19.9,89,43
20:19.9,90,43
20:20.0,91,43
20:16.1,92,43
20:18.4,93,43
20:19.9,94,43
20:19.9,95,43
20:19.9,96,43
20:19.9,97,43
20:19.9,98,43
20:20.0,99,43
20:16.1,100,43
20:18.4,101,43
20:19.9,102,43
20:19.9,103,43
20:19.9,104,43
20:19.9,105,43
20:19.9,106,43
20:20.0,107,43
20:16.1,108,43
20:18.4,109,43
20:19.9,110,43
20:19.9,111,43
20:19.9,112,43
20:19.9,113,43
20:19.9,114,43
20:20.0,115,43
20:16.1,116,43
20:18.4,117,43
20:19.9,118,43
20:19.9,119,43
20:19.9,120,43
20:19.9,121,43
20:19.9,122,43
20:20.0,123,43
20:16.1,124,43
20:18.4,125,43
20:19.9,126,43
20:19.9,127,43
20:19.9,128,43
20:19.9,129,43
20:19.9,130,43
20:20.0,131,43
20:16.1,132,43
20:18.4,133,43
20:19.9,134,43
20:19.9,135,43
20:19.9,136,43
20:19.9,137,43
20:19.9,138,43
20:20.0,139,43
20:16.1,140,43
20:18.4,141,43
20:19.9,142,43
20:19.9,143,43
20:19.9,144,43
20:19.9,145,43
20:19.9,146,43
20:20.0,147,43
20:16.1,148,43
20:18.4,149,43
20:19.9,150,43
20:19.9,151,43
20:19.9,152,43
20:19.9,153,43
20:19.9,154,43
20:20.0,155,43
20:16.1,156,43
20:18.4,157,43
20:19.9,158,43
20:19.9,159,43
20:19.9,160,43
20:19.9,161,43
20:19.9,162,43
20:20.0,163,43
20:16.1,164,43
20:18.4,165,43
20:19.9,166,43
20:19.9,167,43
20:19.9,168,43
20:19.9,169,43
20:19.9,170,43
20:20.0,171,43
20:16.1,172,43
20:18.4,173,43
20:19.9,174,43
20:19.9,175,43
20:19.9,176,43
20:19.9,177,43
20:19.9,178,43
20:20.0,179,43
20:16.1,180,43
20:18.4,181,43
20:19.9,182,43
20:19.9,183,43
20:19.9,184,43
20:19.9,185,43
20:19.9,186,43
20:20.0,187,43
20:16.1,188,43
20:18.4,189,43
20:19.9,190,43
20:19.9,191,43
20:19.9,192,43
20:19.9,193,43
20:19.9,194,43
20:20.0,195,43
20:16.1,196,43
20:18.4,197,43
20:19.9,198,43
20:19.9,199,43
20:19.9,200,43
20:19.9,201,43
20:19.9,202,43
20:20.0,203,43
20:16.1,204,43
20:18.4,205,43
20:19.9,206,43
20:19.9,207,43
20:19.9,208,43
20:19.9,209,43
20:19.9,210,43
20:20.0,211,43
20:16.1,212,43
20:18.4,213,43
20:19.9,214,43
20:19.9,215,43
20:19.9,216,43
20:19.9,217,43
20:19.9,218,43
20:20.0,219,43
20:16.1,220,43
20:18.4,221,43
20:19.9,222,43
20:19.9,223,43
20:19.9,224,43
20:19.9,225,43
20:19.9,226,43
20:20.0,227,43
20:16.1,228,43
20:18.4,229,43
20:19.9,230,43
20:19.9,231,43
20:19.9,232,43
20:19.9,233,43
20:19.9,234,43
20:20.0,235,43
20:16.1,236,43
20:18.4,237,43
20:19.9,238,43
20:19.9,239,43
20:19.9,240,43
20:19.9,241,43
20:19.9,242,43
20:20.0,243,43
20:16.1,244,43
20:18.4,245,43
20:19.9,246,43
20:19.9,247,43
20:19.9,248,43
20:19.9,249,43
20:19.9,250,43
20:20.0,251,43
20:16.1,252,43
20:18.4,253,43
20:19.9,254,43
20:19.9,255,43
20:19.9,256,43
20:19.9,257,43
20:19.9,258,43
20:20.0,259,43
20:16.1,260,43
20:18.4,261,43
20:19.9,262,43
20:19.9,263,43
20:19.9,264,43
20:19.9,265,43
20:19.9,266,43
20:20.0,267,43
20:16.1,268,43
20:18.4,269,43
20:19.9,270,43
20:19.9,271,43
20:19.9,272,43
20:19.9,273,43
20:19.9,274,43
20:20.0,275,43
20:16.1,276,43
20:18.4,277,43
20:19.9,278,43
20:19.9,279,43
20:19.9,280,43
20:19.9,281,43
20:19.9,282,43
20:20.0,283,43
20:16.1,284,43
20:18.4,285,43
20:19.9,286,43
20:19.9,287,43
20:19.9,288,43
20:19.9,289,43
20:19.9,290,43
20:20.0,291,43
20:16.1,292,43
20:18.4,293,43
20:19.9,294,43
20:19.9,295,43
20:19.9,296,43
20:19.9,297,43
20:19.9,298,43
20:20.0,299,43
20:16.1,300,43
20:18.4,301,43
20:19.9,302,43
20:19.9,303,43
20:19.9,304,43
20:19.9,305,43
20:19.9,306,43
20:20.0,307,43
20:16.1,308,43
20:18.4,309,43
20:19.9,310,43
20:19.9,311,43
20:19.9,312,43
20:19.9,313,43
20:19.9,314,43
20:20.0,315,43
20:16.1,316,43
20:18.4,317,43
20:19.9,318,43
20:19.9,319,43
20:19.9,320,43
20:19.9,321,43
20:19.9,322,43
20:20.0,323,43
20:16.1,324,43
20:18.4,325,43
20:19.9,326,43
20:19.9,327,43
20:19.9,328,43
20:19.9,329,43
20:19.9,330,43
20:20.0,331,43
20:16.1,332,43
20:18.4,333,43
20:19.9,334,43
20:19.9,335,43
20:19.9,336,43
20:19.9,337,43
20:19.9,338,43
20:20.0,339,43
20:16.1,340,43
20:18.4,341,43
20:19.9,342,43
20:19.9,343,43
20:19.9,344,43
20:19.9,345,43
20:19.9,346,43
20:20.0,347,43
20:16.1,348,43
20:18.4,349,43
20:19.9,350,43
20:19.9,351,43
20:19.9,352,43
20:19.9,353,43
20:19.9,354,43
20:20.0,355,43
20:16.1,356,43
20:18.4,357,43
20:19.9,358,43
20:19.9,359,43
20:19.9,360,43
20:19.9,361,43
20:19.9,362,43
20:20.0,363,43
20:16.1,364,43
20:18.4,365,43
20:19.9,366,43
20:19.9,367,43
20:19.9,368,43
20:19.9,369,43
20:19.9,370,43
20:20.0,371,43
20:16.1,372,43
20:18.4,373,43
20:19.9,374,43
20:19.9,375,43
20:19.9,376,43
20:19.9,377,43
20:19.9,378,43
20:20.0,379,43
20:16.1,380,43
20:18.4,381,43
20:19.9,382,43
20:19.9,383,43
20:19.9,384,43
20:19.9,385,43
20:19.9,386,43
20:20.0,387,43
20:16.1,388,43
20:18.4,389,43
20:19.9,390,43
20:19.9,391,43
20:19.9,392,43
20:19.9,393,43
20:19.9,394,43
20:20.0,395,43
20:16.1,396,43
20:18.4,397,43
20:19.9,398,43
20:19.9,399,43
20:19.9,400,43
20:19.9,401,43
20:19.9,402,43
20:20.0,403,43
20:16.1,404,43
20:18.4,405,43
20:19.9,406,43
20:19.9,407,43
20:19.9,408,43
20:19.9,409,43
20:19.9,410,43
20:20.0,411,43
20:16.1,412,43
20:18.4,413,43
20:19.9,414,43
20:19.9,415,43
20:19.9,416,43
20:19.9,417,43
20:19.9,418,43
20:20.0,419,43
20:16.1,420,43
20:18.4,421,43
20:19.9,422,43
20:19.9,423,43
20:19.9,424,43
20:19.9,425,43
20:19.9,426,43
20:20.0,427,43
20:16.1,428,43
20:18.4,429,43
20:19.9,430,43
20:19.9,431,43
20:19.9,432,43
20:19.9,433,43
20:19.9,434,43
20:20.0,435,43
20:16.1,436,43
20:18.4,437,43
20:19.9,438,43
20:19.9,439,43
20:19.9,440,43
20:19.9,441,43
20:19.9,442,43
20:20.0,443,43
20:16.1,444,43
20:18.4,445,43
20:19.9,446,43
20:19.9,447,43
20:19.9,448,43
20:19.9,449,43
20:19.9,450,43
20:20.0,451,43
20:16.1,452,43
20:18.4,453,43
20:19.9,454,43
20:19.9,455,43
20:19.9,456,43
20:19.9,457,43
20:19.9,458,43
20:20.0,459,43
20:16.1,460,43
20:18.4,461,43
20:19.9,462,43
20:19.9,463,43
20:19.9,464,43
20:19.9,465,43
20:19.9,466,43
20:20.0,467,43
20:16.1,468,43
20:18.4,469,43
20:19.9,470,43
20:19.9,471,43
20:19.9,472,43
20:19.9,473,43
20:19.9,474,43
20:20.0,475,43
20:16.1,476,43
20:18.4,477,43
20:19.9,478,43
20:19.9,479,43
20:19.9,480,43
20:19.9,481,43
20:19.9,482,43
20:20.0,483,43
20:16.1,484,43
20:18.4,485,43
20:19.9,486,43
20:19.9,487,43
20:19.9,488,43
20:19.9,489,43
20:19.9,490,43
20:20.0,491,43
20:16.1,492,43
20:18.4,493,43
20:19.9,494,43
20:19.9,495,43
20:19.9,496,43
20:19.9,497,43
20:19.9,498,43
20:20.0,499,43
20:16.1,500,43
20:18.4,501,43
20:19.9,502,43
20:19.9,503,43
20:19.9,504,43
20:19.9,505,43
20:19.9,506,43
20:20.0,507,43
20:16.1,508,43
20:18.4,509,43
20:19.9,510,43
20:19.9,511,43
20:19.9,512,43
20:19.9,513,43
20:19.9,514,43
20:20.0,515,43
20:16.1,516,43
20:18.4,517,43
20:19.9,518,43
20:19.9,519,43
20:19.9,520,43
20:19.9,521,43
20:19.9,522,43
20:20.0,523,43
20:16.1,524,43
20:18.4,525,43
20:19.9,526,43
20:19.9,527,43
20:19.9,528,43
20:19.9,529,43
20:19.9,530,43
20:20.0,531,43
20:16.1,532,43
20:18.4,533,43
20:19.9,534,43
20:19.9,535,43
20:19.9,536,43
20:19.9,537,43
20:19.9,538,43
20:20.0,539,43
20:16.1,540,43
20:18.4,541,43
20:19.9,542,43
20:19.9,543,43
20:19.9,544,43
20:19.9,545,43
20:19.9,546,43
20:20.0,547,43
20:16.1,548,43
20:18.4,549,43
20:19.9,550,43
20:19.9,551,43
20:19.9,552,43
20:19.9,553,43
20:19.9,554,43
20:20.0,555,43
20:16.1,556,43
20:18.4,557,43
20:19.9,558,43
20:19.9,559,43
20:19.9,560,43
20:19.9,561,43
20:19.9,562,43
20:20.0,563,43
20:16.1,564,43
20:18.4,565,43
20:19.9,566,43
20:19.9,567,43
20:19.9,568,43
20:19.9,569,43
20:19.9,570,43
20:20.0,571,43
20:16.1,572,43
20:18.4,573,43
20:19.9,574,43
20:19.9,575,43
20:19.9,576,43
20:19.9,577,43
20:19.9,578,43
20:20.0,579,43
20:16.1,580,43
20:18.4,581,43
20:19.9,582,43
20:19.9,583,43
20:19.9,584,43
20:19.9,585,43
20:19.9,586,43
20:20.0,587,43
20:16.1,588,43
20:18.4,589,43
20:19.9,590,43
20:19.9,591,43
20:19.9,592,43
20:19.9,593,43
20:19.9,594,43
20:20.0,595,43
20:16.1,596,43
20:18.4,597,43
20:19.9,598,43
20:19.9,599,43
20:19.9,600,43
20:19.9,601,43
20:19.9,602,43
20:20.0,603,43
20:16.1,604,43
20:18.4,605,43
20:19.9,606,43
20:19.9,607,43
20:19.9,608,43
20:19.9,609,43
20:19.9,610,43
20:20.0,611,43
20:16.1,612,43
20:18.4,613,43
20:19.9,614,43
20:19.9,615,43
20:19.9,616,43
20:19.9,617,43
20:19.9,618,43
20:20.0,619,43
20:16.1,620,43
20:18.4,621,43
20:19.9,622,43
20:19.9,623,43
20:19.9,624,43
20:19.9,625,43
20:19.9,626,43
20:20.0,627,43
20:16.1,628,43
20:18.4,629,43
20:19.9,630,43
20:19.9,631,43
20:19.9,632,43
20:19.9,633,43
20:19.9,634,43
20:20.0,635,43
20:16.1,636,43
20:18.4,637,43
20:19.9,638,43
20:19.9,639,43
20:19.9,640,43
20:19.9,641,43
20:19.9,642,43
20:20.0,643,43
20:16.1,644,43
20:18.4,645,43
20:19.9,646,43
20:19.9,647,43
20:19.9,648,43
20:19.9,649,43
20:19.9,650,43
20:20.0,651,43
20:16.1,652,43
20:18.4,653,43
20:19.9,654,43
20:19.9,655,43
20:19.9,656,43
20:19.9,657,43
20:19.9,658,43
20:20.0,659,43
20:16.1,660,43
20:18.4,661,43
20:19.9,662,43
20:19.9,663,43
20:19.9,664,43
20:19.9,665,43
20:19.9,666,43
20:20.0,667,43
20:16.1,668,43
20:18.4,669,43
20:19.9,670,43
20:19.9,671,43
20:19.9,672,43
20:19.9,673,43
20:19.9,674,43
20:20.0,675,43
20:16.1,676,43
20:18.4,677,43
20:19.9,678,43
20:19.9,679,43
20:19.9,680,43
20:19.9,681,43
20:19.9,682,43
20:20.0,683,43
20:16.1,684,43
20:18.4,685,43
20:19.9,686,43
20:19.9,687,43
20:19.9,688,43
20:19.9,689,43
20:19.9,690,43
20:20.0,691,43
20:16.1,692,43
20:18.4,693,43
20:19.9,694,43
20:19.9,695,43
20:19.9,696,43
20:19.9,697,43
20:19.9,698,43
20:20.0,699,43
20:16.1,700,43
20:18.4,701,43
20:19.9,702,43
20:19.9,703,43
20:19.9,704,43
20:19.9,705,43
20:19.9,706,43
20:20.0,707,43
20:16.1,708,43
20:18.4,709,43
20:19.9,710,43
20:19.9,711,43
20:19.9,712,43
20:19.9,713,43
20:19.9,714,43
20:20.0,715,43
20:16.1,716,43
20:18.4,717,43
20:19.9,718,43
20:19.9,719,43
20:19.9,720,43
20:19.9,721,43
20:19.9,722,43
20:20.0,723,43
20:16.1,724,43
20:18.4,725,43
20:19.9,726,43
20:19.9,727,43
20:19.9,728,43
20:19.9,729,43
20:19.9,730,43
20:20.0,731,43
20:16.1,732,43
20:18.4,733,43
20:19.9,734,43
20:19.9,735,43
20:19.9,736,43
20:19.9,737,43
20:19.9,738,43
20:20.0,739,43
20:16.1,740,43
20:18.4,741,43
20:19.9,742,43
20:19.9,743,43
20:19.9,744,43
20:19.9,745,43
20:19.9,746,43
20:20.0,747,43
20:16.1,748,43
20:18.4,749,43
20:19.9,750,43
20:19.9,751,43
20:19.9,752,43
20:19.9,753,43
20:19.9,754,43
20:20.0,755,43
20:16.1,756,43
20:18.4,757,43
20:19.9,758,43
20:19.9,759,43
20:19.9,760,43
20:19.9,761,43
20:19.9,762,43
20:20.0,763,43
20:16.1,764,43
20:18.4,765,43
20:19.9,766,43
20:19.9,767,43
20:19.9,768,43
20:19.9,769,43
20:19.9,770,43
20:20.0,771,43
20:16.1,772,43
20:18.4,773,43
20:19.9,774,43
20:19.9,775,43
20:19.9,776,43
20:19.9,777,43
20:19.9,778,43
20:20.0,779,43
20:16.1,780,43
20:18.4,781,43
20:19.9,782,43
20:19.9,783,43
20:19.9,784,43
20:19.9,785,43
20:19.9,786,43
20:20.0,787,43
20:16.1,788,43
20:18.4,789,43
20:19.9,790,43
20:19.9,791,43
20:19.9,792,43
20:19.9,793,43
20:19.9,794,43
20:20.0,795,43
20:16.1,796,43
20:18.4,797,43
20:19.9,798,43
20:19.9,799,43
20:19.9,800,43
20:19.9,801,43
20:19.9,802,43
20:20.0,803,43
20:16.1,804,43
20:18.4,805,43
20:19.9,806,43
20:19.9,807,43
20:19.9,808,43
20:19.9,809,43
20:19.9,810,43
20:20.0,811,43
20:16.1,812,43
20:18.4,813,43
20:19.9,814,43
20:19.9,815,43
20:19.9,816,43
20:19.9,817,43
20:19.9,818,43
20:20.0,819,43
20:16.1,820,43
20:18.4,821,43
20:19.9,822,43
20:19.9,823,43
20:19.9,824,43
20:19.9,825,43
20:19.9,826,43
20:20.0,827,43
20:16.1,828,43
20:18.4,829,43
20:19.9,830,43
20:19.9,831,43
20:19.9,832,43
20:19.9,833,43
20:19.9,834,43
20:20.0,835,43
20:16.1,836,43
20:18.4,837,43
20:19.9,838,43
20:19.9,839,43
20:19.9,840,43
20:19.9,841,43
20:19.9,842,43
20:20.0,843,43
20:16.1,844,43
20:18.4,845,43
20:19.9,846,43
20:19.9,847,43
20:19.9,848,43
20:19.9,849,43
20:19.9,850,43
20:20.0,851,43
20:16.1,852,43
20:18.4,853,43
20:19.9,854,43
20:19.9,855,43
20:19.9,856,43
20:19.9,857,43
20:19.9,858,43
20:20.0,859,43
20:16.1,860,43
20:18.4,861,43
20:19.9,862,43
20:19.9,863,43
20:19.9,864,43
20:19.9,865,43
20:19.9,866,43
20:20.0,867,43
20:16.1,868,43
20:18.4,869,43
20:19.9,870,43
20:19.9,871,43
20:19.9,872,43
20:19.9,873,43
20:19.9,874,43
20:20.0,875,43
20:16.1,876,43
20:18.4,877,43
20:19.9,878,43
20:19.9,879,43
20:19.9,880,43
20:19.9,881,43
20:19.9,882,43
20:20.0,883,43
20:16.1,884,43
20:18.4,885,43
20:19.9,886,43
20:19.9,887,43
20:19.9,888,43
20:19.9,889,43
20:19.9,890,43
20:20.0,891,43
20:16.1,892,43
20:18.4,893,43
20:19.9,894,43
20:19.9,895,43
20:19.9,896,43
20:19.9,897,43
20:19.9,898,43
20:20.0,899,43
20:16.1,900,43
20:18.4,901,43
20:19.9,902,43
20:19.9,903,43
20:19.9,904,43
20:19.9,905,43
20:19.9,906,43
20:20.0,907,43
20:16.1,908,43
20:18.4,909,43
20:19.9,910,43
20:19.9,911,43
20:19.9,912,43
20:19.9,913,43
20:19.9,914,43
20:20.0,915,43
20:16.1,916,43
20:18.4,917,43
20:19.9,918,43
20:19.9,919,43
20:19.9,920,43
20:19.9,921,43
20:19.9,922,43
20:20.0,923,43
20:16.1,924,43
20:18.4,925,43
20:19.9,926,43
20:19.9,927,43
20:19.9,928,43
20:19.9,929,43
20:19.9,930,43
20:20.0,931,43
20:16.1,932,43
20:18.4,933,43
20:19.9,934,43
20:19.9,935,43
20:19.9,936,43
20:19.9,937,43
20:19.9,938,43
20:20.0,939,43
20:16.1,940,43
20:18.4,941,43
20:19.9,942,43
20:19.9,943,43
20:19.9,944,43
20:19.9,945,43
20:19.9,946,43
20:20.0,947,43
20:16.1,948,43
20:18.4,949,43
20:19.9,950,43
20:19.9,951,43
20:19.9,952,43
20:19.9,953,43
20:19.9,954,43
20:20.0,955,43
20:16.1,956,43
20:18.4,957,43
20:19.9,958,43
20:19.9,959,43
20:19.9,960,43
20:19.9,961,43
20:19.9,962,43
20:20.0,963,43
20:16.1,964,43
20:18.4,965,43
20:19.9,966,43
20:19.9,967,43
20:19.9,968,43
20:19.9,969,43
20:19.9,970,43
20:20.0,971,43
20:16.1,972,43
20:18.4,973,43
20:19.9,974,43
20:19.9,975,43
20:19.9,976,43
20:19.9,977,43
20:19.9,978,43
20:20.0,979,43
20:16.1,980,43
20:18.4,981,43
20:19.9,982,43
20:19.9,983,43
20:19.9,984,43
20:19.9,985,43
20:19.9,986,43
20:20.0,987,43
20:16.1,988,43
20:18.4,989,43
20:19.9,990,43
20:19.9,991,43
20:19.9,992,43
20:19.9,993,43
20:19.9,994,43
20:20.0,995,43
20:16.1,996,43
20:18.4,997,43
20:19.9,998,43
20:19.9,999,43
20:19.9,1000,43
20:19.9,1001,43
20:19.9,1002,43
20:20.0,1003,43
20:16.1,1004,43
20:18.4,1005,43
20:19.9,1006,43
20:19.9,1007,43
20:19.9,1008,43
20:19.9,1009,43
20:19.9,1010,43
20:20.0,1011,43
20:16.1,1012,43
20:18.4,1013,43
20:19.9,1014,43
20:19.9,1015,43
20:19.9,1016,43
20:19.9,1017,43
20:19.9,1018,43
20:20.0,1019,43
20:16.1,1020,43
20:18.4,1021,43
20:19.9,1022,43
20:19.9,1023,43
20:19.9,1024,43
20:19.9,1025,43
20:19.9,1026,43
20:20.0,1027,43
20:16.1,1028,43
20:18.4,1029,43
20:19.9,1030,43
20:19.9,1031,43
20:19.9,1032,43
20:19.9,1033,43
20:19.9,1034,43
20:20.0,1035,43
20:16.1,1036,43
20:18.4,1037,43
20:19.9,1038,43
20:19.9,1039,43
20:19.9,1040,43
20:19.9,1041,43
20:19.9,1042,43
20:20.0,1043,43
20:16.1,1044,43
20:18.4,1045,43
20:19.9,1046,43
20:19.9,1047,43
20:19.9,1048,43
20:19.9,1049,43
20:19.9,1050,43
20:20.0,1051,43
20:16.1,1052,43
20:18.4,1053,43
20:19.9,1054,43
20:19.9,1055,43
20:19.9,1056,43
20:19.9,1057,43
20:19.9,1058,43
20:20.0,1059,43
20:16.1,1060,43
20:18.4,1061,43
20:19.9,1062,43
20:19.9,1063,43
20:19.9,1064,43
20:19.9,1065,43
20:19.9,1066,43
20:20.0,1067,43
20:16.1,1068,43
20:18.4,1069,43
20:19.9,1070,43
20:19.9,1071,43
20:19.9,1072,43
20:19.9,1073,43
20:19.9,1074,43
20:20.0,1075,43
20:16.1,1076,43
20:18.4,1077,43
20:19.9,1078,43
20:19.9,1079,43
20:19.9,1080,43
20:19.9,1081,43
20:19.9,1082,43
20:20.0,1083,43
20:16.1,1084,43
20:18.4,1085,43
20:19.9,1086,43
20:19.9,1087,43
20:19.9,1088,43
20:19.9,1089,43
20:19.9,1090,43
20:20.0,1091,43
20:16.1,1092,43
20:18.4,1093,43
20:19.9,1094,43
20:19.9,1095,43
20:19.9,1096,43
20:19.9,1097,43
20:19.9,1098,43
20:20.0,1099,43
20:16.1,1100,43
20:18.4,1101,43
20:19.9,1102,43
20:19.9,1103,43
20:19.9,1104,43
20:19.9,1105,43
20:19.9,1106,43
20:20.0,1107,43
20:16.1,1108,43
20:18.4,1109,43
20:19.9,1110,43
20:19.9,1111,43
20:19.9,1112,43
20:19.9,1113,43
20:19.9,1114,43
20:20.0,1115,43
20:16.1,1116,43
20:18.4,1117,43
20:19.9,1118,43
20:19.9,1119,43
20:19.9,1120,43
20:19.9,1121,43
20:19.9,1122,43
20:20.0,1123,43
20:16.1,1124,43
20:18.4,1125,43
20:19.9,1126,43
20:19.9,1127,43
20:19.9,1128,43
20:19.9,1129,43
20:19.9,1130,43
20:20.0,1131,43
20:16.1,1132,43
20:18.4,1133,43
20:19.9,1134,43
20:19.9,1135,43
20:19.9,1136,43
20:19.9,1137,43
20:19.9,1138,43
20:20.0,1139,43
20:16.1,1140,43
20:18.4,1141,43
20:19.9,1142,43
20:19.9,1143,43
20:19.9,1144,43
20:19.9,1145,43
20:19.9,1146,43
20:20.0,1147,43
20:16.1,1148,43
20:18.4,1149,43
20:19.9,1150,43
20:19.9,1151,43
20:19.9,1152,43
20:19.9,1153,43
20:19.9,1154,43
20:20.0,1155,43
20:16.1,1156,43
20:18.4,1157,43
20:19.9,1158,43
20:19.9,1159,43
20:19.9,1160,43
20:19.9,1161,43
20:19.9,1162,43
20:20.0,1163,43
20:16.1,1164,43
20:18.4,1165,43
20:19.9,1166,43
20:19.9,1167,43
20:19.9,1168,43
20:19.9,1169,43
20:19.9,1170,43
20:20.0,1171,43
20:16.1,1172,43
20:18.4,1173,43
20:19.9,1174,43
20:19.9,1175,43
20:19.9,1176,43
20:19.9,1177,43
20:19.9,1178,43
20:20.0,1179,43
20:16.1,1180,43
20:18.4,1181,43
20:19.9,1182,43
20:19.9,1183,43
20:19.9,1184,43
20:19.9,1185,43
20:19.9,1186,43
20:20.0,1187,43
20:16.1,1188,43
20:18.4,1189,43
20:19.9,1190,43
20:19.9,1191,43
20:19.9,1192,43
20:19.9,1193,43
20:19.9,1194,43
20:20.0,1195,43
20:16.1,1196,43
20:18.4,1197,43
20:19.9,1198,43
20:19.9,1199,43
20:19.9,1200,43
20:19.9,1201,43
20:19.9,1202,43
20:20.0,1203,43
20:16.1,1204,43
20:18.4,1205,43
20:19.9,1206,43
20:19.9,1207,43
20:19.9,1208,43
20:19.9,1209,43
20:19.9,1210,43
20:20.0,1211,43
20:16.1,1212,43
20:18.4,1213,43
20:19.9,1214,43
20:19.9,1215,43
20:19.9,1216,43
20:19.9,1217,43
20:19.9,1218,43
20:20.0,1219,43
20:16.1,1220,43
20:18.4,1221,43
20:19.9,1222,43
20:19.9,1223,43
20:19.9,1224,43
20:19.9,1225,43
20:19.9,1226,43
20:20.0,1227,43
20:16.1,1228,43
20:18.4,1229,43
20:19.9,1230,43
20:19.9,1231,43
20:19.9,1232,43
20:19.9,1233,43
20:19.9,1234,43
20:20.0,1235,43
20:16.1,1236,43
20:18.4,1237,43
20:19.9,1238,43
20:19.9,1239,43
20:19.9,1240,43
20:19.9,1241,43
20:19.9,1242,43
20:20.0,1243,43
20:16.1,1244,43
20:18.4,1245,43
20:19.9,1246,43
20:19.9,1247,43
20:19.9,1248,43
20:19.9,1249,43
20:19.9,1250,43
20:20.0,1251,43
20:16.1,1252,43
20:18.4,1253,43
20:19.9,1254,43
20:19.9,1255,43
20:19.9,1256,43
20:19.9,1257,43
20:19.9,1258,43
20:20.0,1259,43
20:16.1,1260,43
20:18.4,1261,43
20:19.9,1262,43
20:19.9,1263,43
20:19.9,1264,43
20:19.9,1265,43
20:19.9,1266,43
20:20.0,1267,43
20:16.1,1268,43
20:18.4,1269,43
20:19.9,1270,43
20:19.9,1271,43
20:19.9,1272,43
20:19.9,1273,43
20:19.9,1274,43
20:20.0,1275,43
20:16.1,1276,43
20:18.4,1277,43
20:19.9,1278,43
20:19.9,1279,43
20:19.9,1280,43
20:19.9,1281,43
20:19.9,1282,43
20:20.0,1283,43
20:16.1,1284,43
20:18.4,1285,43
20:19.9,1286,43
20:19.9,1287,43
20:19.9,1288,43
20:19.9,1289,43
20:19.9,1290,43